0;Brelok dla dzieci zwierzęta druk 3D kolor PANDA LEŻY fleksi brylok;150;6,29
1;POSZEWKA CANDY CANE HAFT 40x40 ŚWIĄTECZNA BOŻE NARODZENIE DEKORACYJNA;124;28,9
2;Słuchawki nauszne JBL Tune 720BT Czarny;123;169
3;pralka turystyczna;198;516,99
4;zestaw sztućców;244;134,99
5;pasta do zębów czteropak;459;45
6;KLOCKI KONSTRUKCYJNE DO BUDOWY ROBOTYKI TYPU WEDO ANDROID SMART 2.0;99;223,85
7;STAR WARS PUZZLE 3D GROGU MANDALORIAN FIGURKA BABY YODA MODEL 4D BUILD;457;58,19
8;Lampka Lampa Nocna Led Akwarium Meduzy Zmieniająca Kolory;5;36
9;Lalka Martynka bobas pije sika mówi po Polsku krzesełko do karmienia nocnik;74;81,03
10;Słuchawki bezprzewodowe bluetooth dokanałowe Manta RYTMO czarne MTWS008B;2441;62,28
